bucket,ruta,zona,mb,propuesto,motivo,solo_en_registro
chat-media,embudos/america tk/media-1785985978220-qgyzc.mp4,embudos,37.7,true,huérfano: ninguna tabla lo nombra,
chat-media,embudos/america-fc/media-1785989890192-4rk49.mp4,embudos,37.7,true,huérfano: ninguna tabla lo nombra,
chat-media,embudos/spiderman-tend-copia/media-1785899223019-vguxt.mp4,embudos,21.1,true,huérfano: ninguna tabla lo nombra,
chat-media,embudos/VOLKSWAGEN/media-1785963174256-nny7b.mp4,embudos,19.1,true,huérfano: ninguna tabla lo nombra,
chat-media,embudos/bts/media-1784683090961-fxb20.mp4,embudos,16.2,true,huérfano: ninguna tabla lo nombra,
chat-media,embudos/FORMULA 1/media-1784739357167-3aejg.mp4,embudos,13.5,true,huérfano: ninguna tabla lo nombra,
chat-media,embudos/Parejas/media-1786202622088-l19ii.mp4,embudos,12.9,true,huérfano: ninguna tabla lo nombra,
chat-media,embudos/formula-1/media-1784756449641-91tg9.mp4,embudos,11.1,true,huérfano: ninguna tabla lo nombra,
chat-media,embudos/FORMULA 1/media-1784739453910-sfvs4.mp4,embudos,10.9,true,huérfano: ninguna tabla lo nombra,
chat-media,embudos/MOTEROS/media-1785199923167-jnpw7.mp4,embudos,9.2,true,huérfano: ninguna tabla lo nombra,
chat-media,embudos/formula-1/media-1785188327947-fnnr3.mp4,embudos,8.9,true,huérfano: ninguna tabla lo nombra,
chat-media,embudos/MOTEROS/media-1785200811824-7b81g.mp4,embudos,8.9,true,huérfano: ninguna tabla lo nombra,
chat-media,embudos/america tk/media-1785985936137-isa01.mp4,embudos,4.5,true,huérfano: ninguna tabla lo nombra,
chat-media,embudos/america tk/media-1785985949467-jnyo4.mp4,embudos,4.5,true,huérfano: ninguna tabla lo nombra,
chat-media,embudos/MOTEROS/media-1785200000041-ncmoy.mp4,embudos,3.7,true,huérfano: ninguna tabla lo nombra,
chat-media,embudos/Parejas/media-1786201990033-xoym5.mp4,embudos,2.6,true,huérfano: ninguna tabla lo nombra,
chat-media,embudos/formula-1/media-1786741108680-tifxn.mp4,embudos,2.3,true,huérfano: ninguna tabla lo nombra,
chat-media,embudos/Parejas/media-1786202838265-jqlon.mp4,embudos,1.9,true,huérfano: ninguna tabla lo nombra,
chat-media,embudos/chat/media-1785275143601-6gyik.mp4,embudos/chat,45.1,false,en uso: messages.content,
chat-media,embudos/chat/media-1786131990707-gyxwp.mp4,embudos/chat,44.1,false,en uso: messages.content,
chat-media,embudos/chat/media-1786130892173-umz4u.mp4,embudos/chat,36.6,false,en uso: messages.content,
chat-media,embudos/chat/media-1785697559371-cykx6.mp4,embudos/chat,30.6,false,en uso: messages.content,
chat-media,embudos/america-fc-copia/media-1786210918223-njgwa.mp4,embudos,23,false,en uso: funnels.imagen_detalle,
chat-media,embudos/chat/media-1785697647918-pten4.mp4,embudos/chat,16.3,false,en uso: messages.content,
chat-media,embudos/chat/media-1785900675245-knk23.mp4,embudos/chat,10.9,false,en uso: messages.content,
chat-media,ventas/57312·····76/1786883665738-xxxvb.mp4,ventas,10.4,false,en uso: messages.content,
chat-media,embudos/chat/media-1785462612524-cbhth.mp4,embudos/chat,10.1,false,en uso: messages.content,
chat-media,embudos/chat/media-1785766009385-8cq0i.mp4,embudos/chat,10.1,false,en uso: messages.content,
chat-media,embudos/chat/media-1785900641316-klukz.mp4,embudos/chat,10.1,false,en uso: messages.content,
chat-media,entrantes/57320·····80/1788041532540-w0qfi.mp4,entrantes,9.6,false,en uso: messages.content,
chat-media,embudos/spiderman-tend/media-1785815073231-vecu4.mp4,embudos,9.3,false,en uso: funnels.miniatura_url,
chat-media,embudos/chat/media-1785606920243-4w72l.mp4,embudos/chat,8.7,false,en uso: messages.content,
chat-media,57311·····76/1784566991484-mjzh6.mp4,chat-saliente,2.9,false,en uso: messages.content,
chat-media,57324·····91/1788042411793-6uedo.mp4,chat-saliente,2.9,false,"en uso: messages.content, messages.reply_to",
chat-media,embudos/formula-1/media-1786741288718-pzdjz.mp4,embudos,2.7,false,en uso: funnels.imagen_clientes,
chat-media,ventas/57305·····09/1784933440186-4s6j2.mp4,ventas,1.9,false,en uso: messages.content,
chat-media,embudos/america-fc-copia/media-1786210884664-1dy1k.mp4,embudos,1.9,false,en uso: funnels.miniatura_url,
chat-media,ventas/57322·····50/1786828761864-nk9x8.mp4,ventas,1.2,false,en uso: messages.content,
