columna,filas_con_valor,filas_con_url_de_storage
messages.content,51538,12405
clientes_funnelish.foto_producto,1005,994
media_optimizaciones.bucket,723,723
carritos_abandonados.datos,320,320
catalogo_colores.url_imagen,191,191
catalogo_colores.url_original,191,187
messages.reply_to,1277,147
funnels.imagenes,32,32
funnels.variantes,32,32
funnels.imagen_detalle,28,28
promociones.fotos,171,21
funnels.imagen_clientes,20,20
funnels.layout,18,12
funnels.imagen_banner,10,10
promociones.foto,170,5
configuracion.valor,5,4
funnels.miniatura_url,4,4
plantillas.imagen_url,2,1
