bucket,zona,clase,archivos,mb,en_uso,mb_en_uso,sobre_tope,mb_sobre_tope
catalogo-imagenes,catalogo-imagenes,imagen,214,203.7,189,174.5,199,202.5
chat-media,57318·····99@funnel,imagen,1,0.6,1,0.6,1,0.6
chat-media,_originales,imagen,723,1010.1,545,771.1,716,1009.2
chat-media,audios-bot,otro,2,0.2,1,0.1,0,0
chat-media,catalogo,imagen,319,79.5,270,65.9,56,30
chat-media,chat-saliente,imagen,514,382.4,504,372.1,288,351.6
chat-media,chat-saliente,otro,170,24.2,168,24.1,0,0
chat-media,chat-saliente,video,2,5.9,2,5.9,0,0
chat-media,embudos/chat,imagen,15,5.7,15,5.7,15,5.7
chat-media,embudos/chat,video,10,222.7,10,222.7,9,214
chat-media,embudos,imagen,480,118.5,321,70.5,128,57.3
chat-media,embudos,video,22,263.6,4,36.8,16,248.6
chat-media,entrantes,imagen,305,45.4,303,44.8,4,1.7
chat-media,entrantes,otro,185,6.3,183,6.1,0,0
chat-media,entrantes,video,1,9.6,1,9.6,0,0
chat-media,packs,imagen,97,36.4,88,34.7,20,21.9
chat-media,plantillas,imagen,4,1.5,4,1.5,1,1.1
chat-media,ventas,imagen,275,55.4,254,50.1,21,9.9
chat-media,ventas,otro,296,4.9,233,4.2,0,0
chat-media,ventas,video,3,13.5,3,13.5,1,10.4
plantillas-images,plantillas-images,imagen,13,12.3,1,0.7,13,12.3
